City_ID,City,Lat,Lng,Max Temp,Humidity,Cloudiness,Wind Speed,Country,Date
0,blackmans bay,-43.0167,147.3167,13.18,69,100,2.12,AU,1690427982
1,lompoc,34.6391,-120.4579,20.08,87,100,5.36,US,1690427813
2,saint-joseph,-21.3667,55.6167,18.21,81,79,4.21,RE,1690427983
3,san antonio de pale,-1.4014,5.6325,22.84,90,100,5.08,GQ,1690427983
4,waitangi,-43.9535,-176.5597,8.23,90,88,0.45,NZ,1690427984
5,hithadhoo,-0.6,73.0833,28.31,78,37,7.18,MV,1690427984
6,longyearbyen,78.2186,15.6401,10.91,71,40,2.06,SJ,1690427984
7,sandnessjoen,66.0217,12.6316,14.12,94,75,3.09,NO,1690427985
8,stanley,54.868,-1.6985,13.49,92,75,1.03,GB,1690427985
9,yemva,62.59,50.8594,17.02,66,100,2.94,RU,1690427989
10,nuestra senora del rosario de caa cati,-27.7507,-57.6207,11.83,85,66,2.81,AR,1690427990
11,port elizabeth,-33.918,25.5701,14.16,82,0,6.69,ZA,1690427990
12,edinburgh of the seven seas,-37.0676,-12.3116,10.64,53,67,10.16,SH,1690427991
13,forster,-32.1667,152.5167,18.54,65,0,2.86,AU,1690427711
14,alice springs,-23.7,133.8833,23.75,46,75,7.2,AU,1690427991
15,mugia,43.1041,-9.2179,18.84,80,97,2.28,ES,1690427992
16,djambala,-2.5447,14.7533,20.79,74,50,1.83,CG,1690427992
17,dragor,55.5946,12.6664,15.01,84,100,3.09,DK,1690427992
18,tibigan,9.9518,123.9622,32.0,67,99,5.94,PH,1690427993
19,tigwav,18.4314,-72.8669,27.83,79,100,3.61,HT,1690427993
20,st. paul,44.9444,-93.0933,28.76,79,0,0.0,US,1690427798
21,sur,22.5667,59.5289,28.36,73,81,4.86,OM,1690427993
22,guerrero negro,27.9769,-114.0611,21.17,80,2,5.41,MX,1690427994
23,bethel,41.3712,-73.414,24.72,79,0,4.12,US,1690427994
24,itoman,26.1247,127.6694,29.21,84,75,7.72,JP,1690427820
25,ushuaia,-54.8,-68.3,0.81,60,75,2.06,AR,1690427995
26,bredasdorp,-34.5322,20.0403,8.71,91,0,2.02,ZA,1690427825
27,hadibu,12.65,54.0333,25.1,79,70,11.69,YE,1690427744
28,adamstown,-25.066,-130.1015,19.72,61,32,6.03,PN,1690427995
29,fale old settlement,-9.3852,-171.2468,28.52,73,39,7.63,TK,1690427996
30,dabou,5.3256,-4.3769,23.55,95,71,2.61,CI,1690427996
31,hawaiian paradise park,19.5933,-154.9731,27.73,92,40,4.12,US,1690427996
32,ribeira grande,38.5167,-28.7,22.65,96,51,3.13,PT,1690427997
33,yanbu,24.0891,38.0637,31.02,89,0,3.09,SA,1690427997
34,torghay,49.6339,63.4981,23.92,56,1,2.54,KZ,1690427998
35,thompson,55.7435,-97.8558,13.09,88,100,1.54,CA,1690427998
36,cholpon-ata,42.6494,77.0823,24.03,55,91,0.62,KG,1690427998
37,ardakan,32.31,54.0175,31.51,12,28,3.57,IR,1690427999
38,essaouira,31.5125,-9.77,20.72,87,0,4.12,MA,1690427999
39,papatowai,-46.5619,169.4708,6.44,79,100,9.66,NZ,1690427999
40,vilyuchinsk,52.9306,158.4028,23.15,81,98,3.29,RU,1690428000
41,maksatikha,57.797,35.8825,12.94,97,20,2.18,RU,1690428000
42,bedesa,8.9,40.7833,15.32,88,50,1.34,ET,1690427767
43,anadyr,64.75,177.4833,12.78,82,75,5.0,RU,1690427742
44,wailua homesteads,22.0669,-159.378,28.44,78,40,7.2,US,1690428001
45,hermanus,-34.4187,19.2345,11.72,84,0,3.02,ZA,1690428002
46,carnarvon,-24.8667,113.6333,17.8,51,20,7.94,AU,1690428002
47,yellowknife,62.456,-114.3525,23.29,35,20,5.66,CA,1690428005
48,yuzhno-kurilsk,44.0306,145.8556,22.2,77,100,1.94,RU,1690428005
49,lihue,21.9789,-159.3672,28.77,71,40,7.2,US,1690428006
50,ambon,-3.6954,128.1814,27.71,75,40,1.54,ID,1690428006
51,albany,42.6001,-73.9662,24.23,82,100,2.15,US,1690428006
52,hue,16.4667,107.6,35.06,52,20,3.09,VN,1690428007
53,port mathurin,-19.6833,63.4167,23.71,78,38,7.78,MU,1690428007
54,tekkali,18.6167,84.2333,27.72,87,84,4.05,IN,1690427967
55,leninskoye,41.7589,69.3864,34.61,17,0,1.67,KZ,1690428008
56,muravlenko,63.7898,74.523,21.53,63,52,4.35,RU,1690428009
57,talara,-4.5772,-81.2719,21.41,86,6,6.32,PE,1690428009
58,port-aux-francais,-49.35,70.2167,4.52,75,93,15.59,TF,1690428010
59,qaqortoq,60.7167,-46.0333,6.98,81,92,2.8,GL,1690428010
60,robit,12.0167,39.6333,21.86,58,100,2.39,ET,1690427964
61,yakymivka,46.6897,35.1536,22.82,80,0,5.92,UA,1690428010
62,grytviken,-54.2811,-36.5092,0.81,99,100,5.24,GS,1690427911
63,phan rang-thap cham,11.5667,108.9833,32.0,59,100,5.0,VN,1690427896
64,kone,-21.0595,164.8658,24.27,41,0,4.44,NC,1690428011
65,galliano,29.4422,-90.2992,27.78,69,1,2.8,US,1690428011
66,buka,40.8108,69.1986,34.13,13,3,5.03,UZ,1690428011
67,saint-philippe,-21.3585,55.7679,18.77,82,59,5.04,RE,1690428012
68,margaret river,-33.95,115.0667,14.07,63,98,6.1,AU,1690427736
69,liwale,-9.7667,37.9333,15.59,73,38,2.23,TZ,1690428013
70,aykhal,66.0,111.5,16.57,58,100,2.94,RU,1690428013
71,griffith,41.5284,-87.4237,28.96,84,100,1.54,US,1690427875
72,petropavlovsk-kamchatsky,53.0452,158.6483,22.33,64,40,6.0,RU,1690428014
73,klyuchi,52.2667,79.1667,21.93,43,100,1.68,RU,1690428015
74,la passe,45.5549,-0.8967,19.43,94,18,2.98,FR,1690428015
75,aasiaat,68.7098,-52.8699,2.17,96,31,2.81,GL,1690428016
76,grand falls-windsor,48.9332,-55.6649,16.74,95,22,2.74,CA,1690428016
77,west island,-12.1568,96.8225,24.99,78,40,10.29,CC,1690428016
78,korla,41.7597,86.1469,34.16,19,0,0.77,CN,1690428018
79,ust-nera,64.5667,143.2,14.99,54,96,3.4,RU,1690428019
80,macouria,4.9167,-52.3667,24.97,94,78,0.0,GF,1690428019
81,hell-ville,-13.4,48.2667,23.19,71,1,3.0,MG,1690427857
82,nuuk,64.1835,-51.7216,7.34,87,100,6.71,GL,1690428020
83,puerto natales,-51.7236,-72.4875,-1.66,92,100,0.94,CL,1690427780
84,utrik,11.2278,169.8474,27.95,80,100,7.86,MH,1690428020
85,namtsy,62.7161,129.6658,23.84,37,77,2.92,RU,1690428020
86,festus,38.2206,-90.396,31.32,32,0,5.92,US,1690428021
87,vila velha,-20.3297,-40.2925,21.08,89,0,1.03,BR,1690427807
88,tannum sands,-23.9504,151.3693,23.94,41,75,8.23,AU,1690428023
89,yeraliyev,43.2,51.65,25.31,55,0,2.67,KZ,1690428024
90,crane,31.3974,-102.3501,30.98,30,37,5.83,US,1690428024
91,namibe,-15.1961,12.1522,15.16,91,68,3.46,AO,1690428025
92,portland,45.5234,-122.6762,26.08,43,75,4.63,US,1690427947
93,chatham,51.3789,0.5279,17.01,77,100,1.79,GB,1690428026
94,arkalyk,50.2486,66.9114,20.39,65,52,4.09,KZ,1690428026
95,xiaoweizhai,26.1903,107.5125,28.28,75,69,1.45,CN,1690428026
96,filingue,14.3521,3.3168,32.02,50,82,7.24,NE,1690428027
97,new norfolk,-42.7826,147.0587,13.84,51,100,1.91,AU,1690428027
98,east london,-33.0153,27.9116,17.64,70,98,3.79,ZA,1690427781
99,mount gambier,-37.8333,140.7667,15.76,55,30,5.39,AU,1690427740
100,mindelo,16.8901,-24.9804,25.75,78,75,8.75,CV,1690428028
101,alesund,62.4723,6.1549,16.06,97,100,3.6,NO,1690428028
102,san rafael del yuma,18.4299,-68.6739,24.76,81,100,2.25,DO,1690428028
103,naze,28.3667,129.4833,26.51,83,100,6.46,JP,1690427761
104,maine soroa,13.2114,12.0241,29.52,46,99,4.28,NE,1690428029
105,anzio,41.4853,12.6179,22.7,61,2,2.26,IT,1690428029
106,rio grande,-32.035,-52.0986,11.64,88,1,6.14,BR,1690428030
107,broome,42.2506,-75.833,25.25,74,40,4.12,US,1690428030
108,nikolayevsk-on-amure,53.1406,140.73,27.34,47,99,3.59,RU,1690428031
109,tateyama,34.9833,139.8667,28.23,76,29,4.49,JP,1690427830
110,tazovsky,67.4667,78.7,19.04,71,10,0.71,RU,1690428031
111,cabo san lucas,22.8909,-109.9124,31.45,77,20,5.14,MX,1690428032
112,padang,-0.9492,100.3543,30.03,65,91,1.08,ID,1690427902
113,whitehorse,60.7161,-135.0538,19.06,71,75,3.09,CA,1690428032
114,dolisie,-4.1997,12.6739,19.06,92,21,1.17,CG,1690427831
115,siaya,0.0612,34.2882,17.61,77,59,2.03,KE,1690428033
116,strezhevoy,60.7333,77.5889,18.56,79,69,2.66,RU,1690428033
117,afaahiti,-17.75,-149.2833,23.93,83,61,2.53,PF,1690428034
118,tangalle,6.024,80.7911,28.04,73,100,4.79,LK,1690428034
119,praia da vitoria,38.7333,-27.0667,22.64,88,20,3.01,PT,1690428034
120,dame-marie,18.5667,-74.4167,27.34,80,100,2.68,HT,1690428035
121,alvorada,-12.48,-49.1247,23.72,34,18,1.57,BR,1690428035
122,talnakh,69.4865,88.3972,26.23,48,65,2.7,RU,1690428036
123,inverness,57.4791,-4.224,11.95,97,20,1.03,GB,1690428036
124,labytnangi,66.6572,66.4183,17.24,88,99,4.59,RU,1690428036
125,zarghun shahr,32.8473,68.4457,23.02,51,10,0.56,AF,1690428040
126,aileu,-8.7281,125.5664,24.72,47,4,1.4,TL,1690428041
127,invercargill,-46.4,168.35,7.38,75,100,6.95,NZ,1690428041
128,gamawa,12.1343,10.5396,27.37,53,95,4.13,NG,1690428041
129,tura,25.5198,90.2201,25.46,94,99,2.66,IN,1690427980
130,pozzallo,36.7305,14.8499,22.36,56,0,4.04,IT,1690428042
131,sainte-marie,-20.8968,55.5496,19.09,89,41,2.57,RE,1690427891
132,avarua,-21.2078,-159.775,21.03,88,75,3.09,CK,1690428043
133,tiksi,71.6872,128.8694,7.7,72,37,3.0,RU,1690428043
134,bilibino,68.0546,166.4372,11.35,69,100,1.61,RU,1690428043
135,gussago,45.5836,10.1572,18.62,81,20,2.57,IT,1690428044
136,ilulissat,69.2167,-51.1,8.01,71,0,1.54,GL,1690428044
137,ta`u,-14.2336,-169.5144,25.66,73,91,5.3,AS,1690428044
138,port saint john's,-31.6229,29.5448,18.71,67,60,5.2,ZA,1690428045
139,sernur,56.9333,49.1536,18.7,89,59,5.18,RU,1690428045
140,jamestown,42.097,-79.2353,22.77,97,100,4.12,US,1690427818
141,kisangani,0.5167,25.2,21.55,96,57,0.68,CD,1690427964
142,pangobilian,8.8011,117.8594,29.75,69,86,7.0,PH,1690428046
143,iskateley,67.6803,53.1512,18.94,63,87,1.24,RU,1690428046
144,nyachera,-0.9,30.4167,16.17,53,86,0.65,UG,1690428046
145,springs,-26.25,28.4,9.81,89,0,3.2,ZA,1690428047
146,leirvik,59.7798,5.5005,15.9,90,59,1.12,NO,1690428048
147,chernyshevskiy,63.0128,112.4714,21.98,47,62,4.41,RU,1690428048
148,djibo,14.1022,-1.6306,31.53,48,100,4.59,BF,1690428048
149,souillac,-20.5167,57.5167,19.21,94,40,2.57,MU,1690428049
150,kodiak,57.79,-152.4072,13.73,82,75,4.63,US,1690428049
151,colonia menno,-22.3667,-59.8167,17.49,82,98,3.36,PY,1690428049
152,puerto ayora,-0.7393,-90.3518,24.75,92,78,1.79,EC,1690428050
153,vanino,49.0869,140.2543,22.9,73,45,2.22,RU,1690428050
154,georgetown,5.4112,100.3354,30.96,83,20,1.54,MY,1690427783
155,ploneour-lanvern,47.9,-4.2833,17.16,94,100,4.12,FR,1690428051
156,banikoara,11.2985,2.4386,23.87,91,100,1.9,BJ,1690427897
157,balabac,7.9868,117.0645,29.85,70,64,7.38,PH,1690428051
158,wainwright,52.839,-110.8572,12.37,91,100,5.79,CA,1690428052
159,qarqaraly,49.4058,75.4742,25.54,36,100,6.97,KZ,1690428052
160,vadso,70.0744,29.7487,10.09,93,100,2.57,NO,1690428052
161,hirara,24.8,125.2833,31.92,79,75,11.32,JP,1690428045
162,walvis bay,-22.9575,14.5053,11.72,82,0,0.55,NA,1690428049
163,daru,-9.0763,143.2092,26.04,81,57,8.26,PG,1690428053
164,lotoshino,56.2267,35.6414,14.59,93,90,1.75,RU,1690428053
165,stadtilm,50.7667,11.0833,13.09,85,94,3.55,DE,1690428054
166,college,64.8569,-147.8028,29.77,50,75,0.0,US,1690428055
167,holualoa,19.6228,-155.9522,26.97,83,75,5.14,US,1690428055
168,baiti,13.745,-14.7482,26.55,84,44,3.32,SN,1690428055
169,weno,7.4515,151.8468,28.44,74,24,3.3,FM,1690428055
170,nabire,-3.3667,135.4833,30.94,61,78,1.59,ID,1690428056
171,san patricio,28.017,-97.5169,29.36,74,69,5.06,US,1690428056
172,isola di capo rizzuto,38.96,17.0933,21.77,48,0,2.92,IT,1690428056
173,fort st. john,56.2499,-120.8529,14.94,94,100,4.12,CA,1690427840
174,akureyri,65.6835,-18.0878,8.96,71,100,1.54,IS,1690427890
175,udachny,66.4167,112.4,21.92,40,100,4.14,RU,1690428057
176,jayapura,-2.5333,140.7,26.66,95,100,2.35,ID,1690427972
177,shingu,33.7333,135.9833,31.32,62,96,2.59,JP,1690427864
178,keren,15.7778,38.4581,19.7,86,94,2.75,ER,1690428057
179,chui,-33.6971,-53.4616,9.1,86,0,5.3,UY,1690427915
180,mejit,10.2753,170.8646,28.1,80,100,7.52,MH,1690428058
181,kapa'a,22.0752,-159.319,29.18,78,40,7.2,US,1690428058
182,ikryanoye,46.0932,47.7308,25.01,52,1,1.97,RU,1690428058
183,birao,10.2849,22.7882,22.06,92,100,1.25,CF,1690428059
184,nemuro,43.3236,145.575,20.07,90,100,3.92,JP,1690427775
185,polyarnyy,69.1989,33.4478,10.42,95,100,0.54,RU,1690428059
186,iqaluit,63.7506,-68.5145,6.85,87,75,3.09,CA,1690428060
187,mata-utu,-13.2816,-176.1745,26.76,76,99,7.22,WF,1690428060
188,acapulco de juarez,16.8634,-99.8901,28.9,74,75,3.09,MX,1690428061
189,south hedland,-20.4089,118.5983,26.96,34,40,2.57,AU,1690428061
190,keyser,39.4409,-78.9739,27.08,92,43,1.62,US,1690428062
191,kulhudhuffushi,6.6221,73.07,28.12,70,98,2.29,MV,1690428062
192,midvagur,62.0511,-7.1939,8.46,81,100,4.12,FO,1690428063
193,atafu village,-8.5421,-172.5159,28.54,75,100,8.03,TK,1690428063
194,punta arenas,-53.15,-70.9167,-0.83,79,22,3.64,CL,1690428064
195,tibiri,13.5627,7.0485,30.15,53,100,7.26,NE,1690428049
196,saipan,15.1355,145.701,28.39,100,75,5.14,MP,1690428064
197,balqash,46.8481,74.995,30.33,28,40,1.0,KZ,1690427826
198,kavieng,-2.5744,150.7967,29.17,74,63,4.14,PG,1690428064
199,al qadarif,14.0349,35.3834,22.63,88,100,3.02,SD,1690428065
200,bayan,46.0833,127.4,28.37,72,76,7.18,CN,1690428065
201,badger,64.8,-147.5333,29.73,49,75,0.0,US,1690428065
202,oriximina,-1.7656,-55.8661,27.35,61,45,1.26,BR,1690427889
203,anjiang,27.3194,110.1031,30.41,71,87,1.21,CN,1690428066
204,chabahar,25.2919,60.643,28.0,84,95,3.61,IR,1690428071
205,isafjordur,66.0755,-23.124,6.85,88,98,5.29,IS,1690428071
206,farasan,16.7022,42.1183,31.57,72,31,5.69,SA,1690428071
207,kodinsk,58.6881,99.1844,25.05,53,16,2.09,RU,1690428060
208,jackson,42.4165,-122.8345,29.93,26,0,6.69,US,1690427999
209,ancud,-41.8697,-73.8203,7.98,92,100,2.82,CL,1690428073
210,tolanaro,-25.0319,46.9987,19.27,57,88,5.07,MG,1690428073
211,ulladulla,-35.35,150.4667,20.63,30,0,2.8,AU,1690427987
212,sorong,-0.8833,131.25,28.91,71,32,5.78,ID,1690428074
213,saldanha,-33.0117,17.9442,12.62,90,95,4.87,ZA,1690428074
214,paralimni,35.0375,33.9833,25.64,83,0,1.34,CY,1690428074
215,puerto colombia,10.9878,-74.9547,27.05,88,97,3.56,CO,1690428075
216,valparaiso,-33.0393,-71.6273,15.0,64,0,1.03,CL,1690428075
217,dipayal,29.2608,80.94,28.99,81,100,0.74,NP,1690428049
218,kruisfontein,-34.0033,24.7314,9.38,88,64,3.16,ZA,1690428060
219,tecolotlan,20.2167,-104.05,21.12,82,100,0.88,MX,1690428076
220,florence,43.7667,11.25,19.61,92,0,0.51,IT,1690427970
221,adam,22.3756,57.5233,27.38,67,65,3.31,OM,1690428076
222,hamilton,39.1834,-84.5333,28.56,74,0,7.72,US,1690427846
223,remire-montjoly,4.9167,-52.2667,25.02,94,72,0.0,GF,1690428077
224,goundam,16.4145,-3.6708,33.63,35,95,4.71,ML,1690428077
225,cao lanh,10.45,105.6333,28.97,69,100,5.94,VN,1690428055
226,uliastay,47.7417,96.8444,23.55,23,88,1.42,MN,1690428049
227,kapuskasing,49.4169,-82.4331,17.05,94,75,1.03,CA,1690428078
228,xining,36.6167,101.7667,16.04,78,100,1.29,CN,1690427991
229,ulsteinvik,62.3432,5.8487,16.06,93,98,1.34,NO,1690428078
230,arenapolis,-14.4503,-56.8461,22.75,44,7,1.27,BR,1690428079
231,porto novo,6.4965,2.6036,25.9,94,97,2.26,BJ,1690427913
232,zoucheng,35.4006,116.9656,31.51,58,9,2.45,CN,1690428079
233,chonchi,-42.6128,-73.8092,7.84,99,100,1.27,CL,1690428079
234,puerto baquerizo moreno,-0.9,-89.6,24.02,80,90,5.59,EC,1690428080
235,white rock,49.0164,-122.8026,22.11,71,59,2.68,CA,1690428080
236,herkimer,43.0256,-74.986,24.24,85,100,3.0,US,1690428081
237,mbanza-ngungu,-5.25,14.8667,18.66,80,4,1.75,CD,1690427963
238,kiunga,-6.1219,141.2906,28.33,68,94,0.99,PG,1690428081
239,kitui,-1.367,38.0106,16.05,85,99,2.92,KE,1690428082
240,bam,29.106,58.357,33.45,11,28,5.91,IR,1690428083
241,hasaki,35.7333,140.8333,39.05,72,14,5.05,JP,1690428083
242,jaguarari,-10.2639,-40.1958,17.4,86,24,3.71,BR,1690427891
243,lerwick,60.1545,-1.1494,9.0,87,0,0.88,GB,1690428083
244,san luis de la loma,17.2706,-100.8939,27.52,82,63,2.98,MX,1690428084
245,acarau,-2.8856,-40.12,25.49,84,11,6.91,BR,1690428084
246,fortuna,40.5982,-124.1573,17.17,80,0,5.14,US,1690428084
247,cuajinicuilapa,16.4667,-98.4167,26.5,82,57,1.49,MX,1690428085
248,kirensk,57.7853,108.1119,25.4,59,91,1.72,RU,1690428085
249,tomatlan,19.9333,-105.25,26.22,82,95,0.89,MX,1690428085
250,mil'kovo,55.6078,37.7956,17.27,87,73,1.23,RU,1690428086
251,geraldton,-28.7667,114.6,15.23,77,100,1.54,AU,1690427905
252,minas de marcona,-15.2119,-75.1103,12.24,87,48,4.9,PE,1690428086
253,whakatane,-37.9585,176.9854,12.65,87,100,1.62,NZ,1690427842
254,fruita,39.1589,-108.729,31.64,28,0,4.63,US,1690428087
255,champerico,14.3,-91.9167,28.74,72,16,1.97,GT,1690428087
256,kharp,66.8014,65.8081,16.73,88,99,1.97,RU,1690428087
257,luorong,24.4058,109.6086,33.37,61,74,3.8,CN,1690428088
258,tarazona,41.9,-1.7333,14.9,70,0,0.45,ES,1690428088
259,la gi,10.6667,107.7833,28.26,80,100,6.25,VN,1690428089
260,conceicao da barra,-18.5933,-39.7322,19.76,84,3,0.59,BR,1690428089
261,soio,-6.1349,12.3689,20.68,91,5,2.56,AO,1690428089
262,novodvinsk,64.4165,40.8122,14.87,87,100,1.49,RU,1690428090
263,port douglas,-16.4833,145.4667,23.47,68,44,6.94,AU,1690428090
264,cancun,21.1743,-86.8466,30.03,79,40,2.06,MX,1690428001
265,tikhvin,59.6451,33.5294,14.56,99,51,1.97,RU,1690428090
266,ingeniero jacobacci,-41.3427,-69.5448,0.89,85,100,1.2,AR,1690428091
267,mirny,62.5353,113.9611,21.8,49,11,4.92,RU,1690428091
268,pestravka,52.405,49.9583,23.48,54,0,4.11,RU,1690428091
269,karratha,-20.7377,116.8463,22.38,49,96,6.19,AU,1690428092
270,beau vallon,-20.4189,57.6953,19.13,94,40,2.57,MU,1690428092
271,jodhpur,26.2867,73.03,29.33,76,100,4.18,IN,1690428093
272,broken hill,-31.95,141.4333,19.89,31,9,9.06,AU,1690427940
273,olonkinbyen,70.9221,-8.7187,4.64,89,100,4.61,SJ,1690428093
274,las trojes,14.0667,-85.9833,19.51,93,100,1.32,HN,1690428094
275,youkounkoun,12.5333,-13.1333,23.78,97,96,1.9,GN,1690428094
276,berriane,32.8265,3.7669,31.45,19,0,3.43,DZ,1690428095
277,ratnagiri,16.9833,73.3,25.24,93,100,5.98,IN,1690427853
278,sitka,57.0531,-135.33,15.94,82,100,0.0,US,1690428095
279,tambuwal,12.4039,4.6469,26.96,72,89,4.48,NG,1690428053
280,newman,37.3138,-121.0208,33.13,37,0,0.45,US,1690428095
281,salekhard,66.53,66.6019,16.83,93,100,4.56,RU,1690428096
282,darwin,-12.4611,130.8418,28.99,37,0,2.06,AU,1690428096
283,magadan,59.5667,150.8,16.41,98,100,2.82,RU,1690428096
284,arkhangel'sk,64.5401,40.5433,15.38,83,100,1.39,RU,1690428097
285,codrington,-38.2667,141.9667,15.31,63,2,8.03,AU,1690428097
286,marquette,46.5333,-87.6335,17.31,96,2,1.21,US,1690428097
287,vorgashor,67.5833,63.95,13.9,86,100,1.14,RU,1690428098
288,kievka,50.2619,71.5514,20.79,62,3,7.71,KZ,1690428098
289,wongsorejo,-7.9908,114.4009,28.45,59,22,4.3,ID,1690427992
290,pacific grove,36.6177,-121.9166,17.99,91,100,3.6,US,1690427818
291,safotu,-13.4513,-172.4018,26.78,78,50,5.95,WS,1690428099
292,cockburn town,21.4612,-71.1419,28.41,83,69,9.88,TC,1690428099
293,labuan,5.2767,115.2417,30.2,74,20,2.24,MY,1690428100
294,cidreira,-30.1811,-50.2056,14.74,83,53,6.35,BR,1690428100
295,belen,36.4891,36.2233,22.08,73,0,6.17,TR,1690428100
296,kansk,56.2017,95.7175,21.44,70,98,3.75,RU,1690428101
297,jaisalmer,26.9147,70.9181,30.04,73,96,6.72,IN,1690428101
298,chichiriviche,10.9333,-68.2772,26.97,88,94,4.59,VE,1690428101
299,coahuayana de hidalgo,18.7,-103.6583,27.3,83,82,1.06,MX,1690428102
300,tatarsk,55.219,75.9828,21.23,62,99,1.76,RU,1690428102
301,taoudenni,22.6783,-3.9836,36.79,25,26,3.79,ML,1690428102
302,lebu,-37.6167,-73.65,8.64,85,90,0.19,CL,1690427840
303,vernon,50.2581,-119.2691,23.2,33,2,1.34,CA,1690428102
304,preobrazheniye,42.9019,133.9064,26.08,70,90,2.97,RU,1690428103
305,boyolangu,-8.1181,111.8935,28.32,100,50,3.48,ID,1690427883
306,uturoa,-16.7333,-151.4333,25.78,83,50,3.62,PF,1690428103
307,nar'yan-mar,67.6713,53.087,19.07,63,84,1.29,RU,1690428104
308,christchurch,-43.5333,172.6333,11.9,57,19,7.72,NZ,1690428000
309,miles city,46.4083,-105.8406,30.54,19,0,2.57,US,1690428104
310,corner brook,48.9667,-57.9484,19.09,99,43,2.31,CA,1690427863
311,hami,42.8,93.45,36.24,9,0,3.51,CN,1690428105
312,mahibadhoo,3.7833,72.9667,28.25,77,23,3.09,MV,1690428105
313,touros,-5.1989,-35.4608,23.62,90,35,4.81,BR,1690428105
314,siwa oasis,29.2041,25.5195,29.04,32,2,2.35,EG,1690428106
315,dudinka,69.4058,86.1778,26.46,57,66,2.3,RU,1690428106
316,sao luis,-2.5297,-44.3028,26.11,89,20,2.06,BR,1690428106
317,balikpapan,-1.2675,116.8289,28.55,84,20,4.12,ID,1690428106
318,khanty-mansiysk,61.0042,69.0019,18.06,77,0,4.02,RU,1690428107
319,san rafael,-34.6177,-68.3301,9.19,48,100,3.33,AR,1690428107
320,kerikeri,-35.2268,173.9474,16.06,82,19,2.24,NZ,1690428107
321,constantia,44.1833,28.65,21.5,88,99,6.89,RO,1690427922
322,cururupu,-1.8283,-44.8683,23.92,89,28,1.9,BR,1690428108
323,aldinga beach,-35.2793,138.4604,17.59,62,94,6.51,AU,1690428108
324,rimouski,48.4488,-68.524,23.1,69,100,5.39,CA,1690428109
325,severo-yeniseyskiy,60.3725,93.0408,16.33,92,100,1.17,RU,1690428109
326,waingapu,-9.6567,120.2641,27.64,54,6,4.54,ID,1690427889
327,vitebsk,55.1905,30.2033,14.78,80,100,1.57,BY,1690428110
328,south venice,27.0531,-82.4243,26.1,93,40,1.54,US,1690428110
329,rehoboth,-23.3167,17.0833,10.86,28,0,1.32,NA,1690428012
330,amasra,41.7463,32.3863,20.03,45,0,4.98,TR,1690428111
331,kirakira,-10.4544,161.9205,27.95,81,100,6.44,SB,1690428111
332,quang ngai,15.1167,108.8,33.8,53,50,1.08,VN,1690427829
333,hillsboro,45.5229,-122.9898,25.67,48,0,4.12,US,1690428111
334,tual,-5.6667,132.75,25.94,82,47,9.44,ID,1690427872
335,thunder bay,48.4001,-89.3168,16.99,94,66,0.51,CA,1690428112
336,namdrik,5.5994,168.1028,28.42,69,89,0.49,MH,1690428112
337,port lincoln,-34.7333,135.8667,18.32,58,100,9.15,AU,1690428113
338,porbandar,21.6422,69.6093,27.82,84,100,7.84,IN,1690427874
339,gazojak,41.1875,61.4036,32.05,29,80,8.15,TM,1690428113
340,simplicio mendes,-7.8539,-41.9103,21.97,46,14,2.89,BR,1690428113
341,vila do maio,15.1333,-23.2167,26.44,83,100,5.23,CV,1690428114
342,diffa,13.3154,12.6113,28.91,48,75,1.54,NE,1690428114
343,bejaia,36.7559,5.0843,22.6,83,20,2.06,DZ,1690428114
344,mizdah,31.4451,12.9801,23.69,64,0,2.12,LY,1690428047
345,katsuura,35.1333,140.3,29.05,70,45,3.98,JP,1690428115
346,putina,-15.4667,-69.4333,4.5,80,2,4.7,PE,1690428115
347,egilsstadir,65.2653,-14.3948,5.95,93,100,5.66,IS,1690428116
348,hats'avan,39.4641,45.9705,15.28,75,0,0.97,AM,1690428117
349,borogontsy,62.6683,131.1683,23.11,40,64,1.37,RU,1690428117
350,flying fish cove,-10.4217,105.6791,24.82,88,100,5.66,CX,1690428003
351,rongelap,11.1635,166.8941,28.35,77,100,8.03,MH,1690428118
352,huaicheng,23.9051,112.1931,35.05,51,15,1.4,CN,1690428118
353,durban,-29.8579,31.0292,11.51,52,0,4.64,ZA,1690428119
354,st. john's,47.5649,-52.7093,19.04,80,100,8.75,CA,1690428119
355,atchison,39.563,-95.1216,29.52,86,1,2.99,US,1690428119
356,swellendam,-34.0226,20.4417,9.86,85,0,1.5,ZA,1690428120
357,brokopondo,4.75,-55.1667,25.16,89,93,2.82,SR,1690427954
358,margate,51.3813,1.3862,16.61,94,100,4.92,GB,1690428120
359,saudarkrokur,65.7461,-19.6394,7.44,90,17,2.28,IS,1690428121
360,mosjoen,65.836,13.1908,14.12,94,100,1.03,NO,1690428121
361,mukalla,14.5425,49.1242,29.02,66,55,1.05,YE,1690428122
362,carrigaline,51.8117,-8.3986,15.86,94,75,3.6,IE,1690428122
363,jiayuguan,39.8167,98.3,31.09,15,0,2.5,CN,1690428123
364,dakhla,23.6848,-15.958,19.7,91,0,10.55,EH,1690428123
365,sil-li,39.4947,125.4736,25.99,86,100,2.27,KP,1690428124
366,cao bang,22.6667,106.25,33.67,59,92,0.56,VN,1690428017
367,bukama,-9.2,25.85,19.33,41,89,0.88,CD,1690427964
368,umea,63.8284,20.2597,13.28,93,100,1.03,SE,1690428124
369,maceio,-9.6658,-35.7353,20.69,94,0,1.54,BR,1690428125
370,gebeit,21.0667,36.3167,30.08,40,6,5.39,SD,1690428126
371,independence,39.0911,-94.4155,32.22,69,0,3.09,US,1690427833
372,amursk,50.2261,136.8994,26.9,58,37,1.58,RU,1690428126
373,pimenta bueno,-11.6725,-61.1936,23.88,47,40,0.73,BR,1690428126
374,belmonte,-15.8631,-38.8828,22.22,74,40,2.75,BR,1690428127
375,yuza,39.0,139.9167,30.03,67,6,3.5,JP,1690427941
376,alofi,-19.0595,-169.9187,23.94,100,75,2.57,NU,1690428127
377,yaren,-0.5472,166.916,28.86,76,46,4.4,NR,1690428128
378,carbonear,47.7332,-53.2148,19.3,88,77,4.68,CA,1690428128
379,malango,-2.9627,119.9001,26.7,57,28,1.66,ID,1690428129
380,viqueque,-8.8673,126.3658,25.49,69,86,2.58,TL,1690428129
381,santa sylvina,-27.8326,-61.1375,11.8,70,98,2.38,AR,1690428129
382,prince george,53.9166,-122.753,18.69,63,100,0.89,CA,1690428130
383,nema,57.5067,50.5011,18.78,84,71,4.2,RU,1690428130
384,kishtwar,33.3167,75.7667,23.18,81,24,1.0,IN,1690428130
385,bryne,58.7354,5.6477,14.41,94,100,2.06,NO,1690428131
386,tosontsengel,48.7567,98.2839,18.75,47,61,0.6,MN,1690428131
387,aral,40.5156,81.2636,32.96,23,6,0.41,CN,1690428131
388,okhotsk,59.3833,143.3,18.15,80,92,1.55,RU,1690428131
389,mashhad,36.297,59.6062,27.08,57,0,2.06,IR,1690428133
390,mossel bay,-34.1831,22.146,9.96,80,27,2.66,ZA,1690428134
391,merritt,50.1123,-120.7942,20.18,41,79,0.45,CA,1690428134
392,donghai,22.9459,115.642,30.9,64,82,4.29,CN,1690428134
393,ponta delgada,37.7333,-25.6667,20.4,88,20,2.06,PT,1690428134
394,choyr,46.3611,108.3611,23.01,37,2,3.47,MN,1690428135
395,riosucio,5.4216,-75.7032,15.56,98,99,0.63,CO,1690427852
396,mersing,2.4312,103.8405,30.95,79,40,4.63,MY,1690428136
397,zanjan,36.6736,48.4787,17.83,68,0,2.06,IR,1690428136
398,kourou,5.1552,-52.6478,25.03,86,81,2.82,GF,1690427886
399,moab,38.5733,-109.5498,32.03,37,14,2.14,US,1690428136
400,ko pha ngan,9.7578,100.0291,30.38,79,100,8.3,TH,1690428136
401,mana,5.6592,-53.7767,25.69,85,100,3.3,GF,1690428137
402,haiku-pauwela,20.9219,-156.3051,28.61,74,40,12.35,US,1690428137
403,ikom,5.9667,8.7063,23.18,99,100,0.72,NG,1690428051
404,tamanrasset,22.785,5.5228,27.95,11,0,5.14,DZ,1690428138
405,bubaque,11.2833,-15.8333,27.48,81,100,5.34,GW,1690428138
406,rawlins,41.7911,-107.2387,22.94,28,0,5.66,US,1690428139
407,bodo,67.28,14.405,15.43,92,0,1.54,NO,1690428139
408,sao gabriel da cachoeira,-0.1303,-67.0892,23.16,94,81,0.75,BR,1690428139
409,ushtobe,45.2514,77.9838,34.37,14,59,1.32,KZ,1690428140
410,khandyga,62.6667,135.6,22.77,28,0,5.11,RU,1690428140
411,puerto rico,-26.796,-55.024,14.75,95,42,1.28,AR,1690428140
412,traralgon,-38.1833,146.5333,18.28,30,0,1.21,AU,1690427896
413,bemidji,47.4736,-94.8803,24.94,93,0,1.54,US,1690428141
414,osby,56.3816,13.9936,10.73,95,99,3.02,SE,1690428141
415,kingston,17.997,-76.7936,29.53,80,40,7.2,JM,1690428142
416,lazaro cardenas,17.9583,-102.2,28.07,77,74,2.35,MX,1690428142
417,ola,59.5833,151.2833,16.75,98,100,3.91,RU,1690428143
418,ad dawadimi,24.5077,44.3924,24.64,15,92,3.4,SA,1690428143
419,ko lanta,7.5336,99.0865,28.03,79,88,6.73,TH,1690428143
420,beidao,34.5686,105.8933,20.17,90,100,2.53,CN,1690428144
421,ndago,-4.6,34.35,14.86,60,37,4.62,TZ,1690428144
422,gunjur,13.2019,-16.7339,27.04,94,40,0.0,GM,1690428144
423,alta,69.9689,23.2717,14.59,81,100,4.47,NO,1690428145
424,mansa,29.9833,75.3833,29.3,74,100,3.07,IN,1690428145
425,tromso,69.6496,18.957,11.32,87,20,4.63,NO,1690428146
426,kingscliff,-28.2667,153.5667,21.54,59,100,3.6,AU,1690428146
427,gadzhiyevo,69.2551,33.3362,10.38,94,100,0.52,RU,1690428146
428,apolinario saravia,-24.4328,-63.9954,12.84,66,100,3.02,AR,1690428147
429,hilo,19.7297,-155.09,30.16,83,40,4.12,US,1690428147
430,nyagan,62.1406,65.3936,18.25,82,51,2.03,RU,1690428147
431,labrador city,52.9463,-66.9114,11.95,94,100,1.03,CA,1690428147
432,kendari,-3.945,122.4989,29.46,61,25,1.33,ID,1690428063
433,markovo,57.3206,107.0881,23.67,65,100,1.96,RU,1690428148
434,honiara,-9.4333,159.95,28.71,83,100,3.0,SB,1690428148
435,morant bay,17.8815,-76.4093,29.79,86,77,3.43,JM,1690428149
436,yarmouth,41.7057,-70.2286,23.89,91,0,6.17,US,1690428149
437,deland,29.0283,-81.3031,26.97,91,0,0.0,US,1690428149
438,tsiombe,-25.3,45.4833,18.03,58,0,5.6,MG,1690428047
439,chos malal,-37.3781,-70.2709,5.57,40,52,2.14,AR,1690428149
440,hobyo,5.3505,48.5268,24.34,83,71,9.85,SO,1690428150
441,san agustin de valle fertil,-30.6335,-67.4682,9.29,69,75,1.41,AR,1690428150
442,ceeldheer,3.8488,47.1806,23.89,86,85,7.18,SO,1690428025
443,zhuanghe,39.7008,122.9911,25.1,88,99,4.05,CN,1690428151
444,aswan,24.0934,32.907,32.2,16,100,2.45,EG,1690428151
445,uzda,53.4627,27.2137,13.29,95,100,3.68,BY,1690428151
446,keetmanshoop,-26.5833,18.1333,7.76,46,0,3.21,NA,1690428006
447,mahanoro,-19.9,48.8,18.2,75,100,4.05,MG,1690428152
448,antonio enes,-16.2325,39.9086,19.32,78,0,4.55,MZ,1690428029
449,puerto santa,-8.9906,-78.6456,20.9,80,83,4.82,PE,1690428153
450,colonia,50.9333,6.95,16.65,76,0,4.12,DE,1690428153
451,palikir - national government center,6.9248,158.1611,31.41,66,75,2.06,FM,1690428154
452,remontnoye,46.5614,43.6501,22.8,49,0,4.1,RU,1690428154
453,lospalos,-8.5186,127.0025,22.69,77,76,4.23,TL,1690428121
454,sobhodero,27.3046,68.3976,33.04,63,100,2.29,PK,1690428155
455,priozersk,61.0393,30.1291,16.08,100,48,1.73,RU,1690428155
456,nova sintra,14.8667,-24.7167,22.94,85,63,7.68,CV,1690428156
457,hard bargain,26.3167,-77.5667,28.52,73,100,6.4,BS,1690428156
458,funafuti,-8.5243,179.1942,29.0,84,100,6.69,TV,1690428156
459,salvador,13.8333,-88.9167,25.58,84,66,0.74,SV,1690428157
460,saint-francois,46.4154,3.9054,15.69,72,20,2.57,FR,1690428157
461,sopela,43.3789,-2.9831,19.26,84,0,1.03,ES,1690428157
462,chibougamau,49.9168,-74.3659,18.79,72,75,2.75,CA,1690428158
463,hangu,39.2489,117.7892,32.02,59,19,3.84,CN,1690428158
464,pandan,14.0453,124.1694,30.5,68,100,6.8,PH,1690428158
465,as sulayyil,20.4607,45.5779,29.14,11,82,4.14,SA,1690428158
466,raja,8.4596,25.678,20.6,93,100,1.36,SS,1690428159
467,brigantine,39.4101,-74.3646,25.01,92,0,4.12,US,1690428159
468,iquique,-20.2208,-70.1431,18.02,85,63,0.52,CL,1690428160
469,sinabang,2.4803,96.3801,28.96,71,79,1.41,ID,1690428160
470,yemetsk,63.4721,41.7941,14.0,100,100,1.9,RU,1690428160
471,kununurra,-15.7667,128.7333,27.99,28,7,3.09,AU,1690428161
472,nagqu,31.5,92.0,6.6,80,100,0.55,CN,1690428161
473,yangquan,37.8575,113.5633,31.5,41,98,2.1,CN,1690428161
474,shaowu,27.3409,117.4831,31.11,59,52,5.24,CN,1690428162
475,qarauyl,48.9451,79.255,24.76,31,100,6.75,KZ,1690428162
476,sirte,31.2089,16.5887,27.42,81,0,5.84,LY,1690428163
477,mazatan,14.8667,-92.45,27.04,89,75,0.0,MX,1690428163
478,susuman,62.7833,148.1667,9.4,82,100,2.74,RU,1690428163
479,onokhoy,51.932,108.0747,23.86,53,100,4.17,RU,1690428164
480,port alfred,-33.5906,26.891,16.13,86,66,7.47,ZA,1690428164
481,erbil,36.1926,44.0106,26.9,21,0,1.03,IQ,1690428165
482,richards bay,-28.783,32.0377,17.06,68,0,6.75,ZA,1690428165
483,vila franca do campo,37.7167,-25.4333,20.23,86,2,2.11,PT,1690428165
484,luderitz,-26.6481,15.1594,12.32,69,0,3.25,NA,1690428049
485,kalabo,-14.97,22.6814,11.78,56,0,2.8,ZM,1690428166
486,ha'il,27.5219,41.6907,25.01,22,0,2.06,SA,1690428166
487,nadym,65.5333,72.5167,22.3,63,14,3.13,RU,1690428166
488,happy valley-goose bay,53.3168,-60.3315,19.17,63,75,1.54,CA,1690428167
489,el calafate,-50.3408,-72.2768,-3.62,71,100,0.71,AR,1690428167
490,juneau,58.3019,-134.4197,17.0,100,75,2.57,US,1690428167
491,kudahuvadhoo,2.6708,72.8944,28.11,78,46,4.81,MV,1690428168
492,suksun,57.1431,57.3949,18.64,79,25,2.45,RU,1690428168
493,ar ruways,24.1103,52.7306,33.88,70,100,2.85,AE,1690428168
494,qinggang,46.6833,126.0833,28.33,72,100,7.46,CN,1690428169
495,santa marta,11.2408,-74.199,28.03,83,75,3.09,CO,1690428169
496,illizi,26.4833,8.4667,29.89,11,0,3.45,DZ,1690428169
497,amga,60.8953,131.9608,23.79,44,100,2.38,RU,1690428169
498,key largo,25.0865,-80.4473,27.78,74,100,8.05,US,1690428170
499,peace river,56.2501,-117.286,17.17,88,100,4.63,CA,1690428171
500,narvik,68.4384,17.4272,15.77,96,28,0.28,NO,1690428171
501,urangan,-25.3,152.9,21.22,64,84,6.2,AU,1690428171
502,keflavik,64.0049,-22.5624,9.24,87,0,3.6,IS,1690428171
503,dedougou,12.4667,-3.4667,27.01,67,100,2.96,BF,1690428172
504,xilin hot,43.9667,116.0333,27.56,45,1,2.97,CN,1690428172
505,aripuana,-9.1667,-60.6333,23.29,55,14,0.31,BR,1690428173
506,okha,53.5739,142.9478,14.39,93,100,1.93,RU,1690428173
507,hongqiao,26.7684,112.1081,32.38,60,46,2.92,CN,1690428173
508,novo aripuana,-5.1206,-60.3797,24.75,56,14,1.18,BR,1690428173
509,huanuni,-18.2667,-66.85,1.49,36,0,1.55,BO,1690427902
510,prineville,44.2999,-120.8345,26.06,27,0,3.09,US,1690428174
511,zeya,53.75,127.2667,30.56,32,42,2.26,RU,1690428174
512,belyy yar,53.6039,91.3903,19.94,73,0,2.0,RU,1690428174
513,glace bay,46.1969,-59.957,21.55,88,20,3.6,CA,1690428175
514,kutum,14.2,24.6667,22.79,70,65,5.45,SD,1690428175
515,grande prairie,55.1667,-118.8027,14.1,94,100,5.14,CA,1690428175
516,berdigestyakh,62.0989,126.6992,23.55,44,100,1.56,RU,1690428176
517,ondjiva,-17.0667,15.7333,16.02,29,12,2.57,AO,1690428176
518,ingeniero guillermo n. juarez,-23.9,-61.85,16.91,65,100,1.62,AR,1690428176
519,port-cartier,50.0334,-66.8654,19.82,78,66,2.42,CA,1690428177
520,lapy,52.9911,22.8842,13.48,93,100,2.11,PL,1690428177
521,ketchikan,55.3422,-131.6461,18.26,72,100,2.06,US,1690428178
522,kanash,55.5086,47.4956,20.32,83,37,5.35,RU,1690428150
523,urengoy,65.9667,78.3667,24.14,55,99,1.75,RU,1690428179
524,akrehamn,59.2667,5.1833,14.14,94,100,1.54,NO,1690428179
525,nguigmi,14.2495,13.1092,28.88,60,95,5.41,NE,1690428179
526,ciudad acuna,29.3232,-100.9522,35.16,24,0,3.09,MX,1690428180
527,santa ana de yacuma,-13.75,-65.4333,25.23,45,2,1.25,BO,1690428180
528,hanzhong,33.0728,107.0303,23.75,94,100,1.38,CN,1690428180
529,mount isa,-20.7333,139.5,25.87,50,8,5.14,AU,1690428180
530,ulysses,37.5814,-101.3552,29.02,51,0,5.14,US,1690428181
531,praia,14.9215,-23.5087,26.3,89,20,5.66,CV,1690428181
532,volchansk,59.9378,60.081,18.11,62,44,2.95,RU,1690428181
533,shalqar,47.8333,59.6,27.85,35,4,3.81,KZ,1690428182
534,nahiyat ash shinafiyah,31.5874,44.6602,35.45,13,1,2.9,IQ,1690428182
535,bethanie,-26.4833,17.15,6.23,53,0,1.63,NA,1690428012
536,mao,39.8885,4.2658,20.31,94,0,1.03,ES,1690428183
537,ar rutbah,33.0381,40.2848,27.89,28,0,4.48,IQ,1690428183
538,oral,51.2333,51.3667,21.99,73,0,3.0,KZ,1690428033
539,inhambane,-23.865,35.3833,17.92,71,16,2.13,MZ,1690428049
540,kwang binh,17.4833,106.6,33.89,54,100,2.3,VN,1690428184
541,jasper,37.2001,-94.3502,31.03,58,0,4.63,US,1690428184
542,lone grove,34.1754,-97.2628,28.99,55,0,2.57,US,1690428184
543,jimenez,28.3333,-105.4,32.3,20,40,2.66,MX,1690428185
544,slave lake,55.2834,-114.769,15.99,67,100,2.69,CA,1690428185
545,wad az zaki,14.4619,32.2065,27.69,58,86,5.22,SD,1690428185
546,grums,59.3466,13.1091,12.28,94,75,2.57,SE,1690428186
547,betio village,1.358,172.9211,31.02,75,20,3.2,KI,1690428186
548,kill devil hills,36.0307,-75.676,28.32,83,0,4.63,US,1690428186
549,bay roberts,47.5999,-53.2648,19.25,88,83,1.79,CA,1690428187
550,port augusta,-32.5,137.7667,21.68,34,81,9.74,AU,1690428187
551,murzuq,25.9155,13.9184,29.85,11,0,4.5,LY,1690428187
552,beardstown,40.0176,-90.4243,29.34,66,41,1.93,US,1690428188
553,eyl,7.9803,49.8164,24.82,65,47,11.06,SO,1690428060
554,kristiansund,63.1115,7.732,15.03,94,100,3.09,NO,1690428188
555,paciran,-6.8767,112.3761,28.06,56,61,2.79,ID,1690428188
556,luganville,-15.5333,167.1667,22.65,82,100,5.89,VU,1690428189
557,lata,40.1629,-8.3327,18.23,93,81,1.65,PT,1690428189
558,basoko,1.2391,23.616,22.29,93,97,0.61,CD,1690428189
559,pavlodar,52.3,76.95,18.89,82,75,4.0,KZ,1690428190
560,rundu,-17.9333,19.7667,12.56,51,0,1.79,NA,1690428012
561,ouani,-12.1322,44.4258,24.64,74,46,5.61,KM,1690427969
562,i-n-salah,27.1935,2.4607,36.35,14,1,4.13,DZ,1690427900
563,sikonge,-5.6333,32.7667,15.01,59,77,2.63,TZ,1690428191
564,flin flon,54.7682,-101.865,11.37,95,100,4.94,CA,1690428191
565,sheridan,44.8333,-106.9173,25.39,51,0,4.12,US,1690428192
566,fang,19.9169,99.2145,30.9,57,36,1.5,TH,1690428041
567,gore,-46.1028,168.9436,5.52,87,99,4.87,NZ,1690428193
568,chuka,-0.3332,37.6459,13.75,82,39,1.64,KE,1690428193
569,puerto wilches,7.3483,-73.896,24.82,92,82,0.77,CO,1690428193
570,puerto plata,19.7934,-70.6884,24.91,94,75,3.6,DO,1690428194
571,devonport,-41.1667,146.35,13.62,83,100,0.45,AU,1690428194
572,santarem,-2.4431,-54.7083,24.07,100,0,0.0,BR,1690428194
573,fomboni,-12.28,43.7425,25.33,72,97,7.53,KM,1690427971
574,'alaqahdari dishu,30.4374,63.313,33.61,40,4,8.53,AF,1690428195
575,aljezur,37.3191,-8.8033,17.44,93,79,5.46,PT,1690428196
576,ad dabbah,18.05,30.95,32.92,42,96,8.14,SD,1690428196
577,lib,8.3122,167.3766,28.52,75,53,3.87,MH,1690428197
578,fort mcmurray,56.7268,-111.381,15.77,88,75,3.09,CA,1690428197
